<?xml version="1.0" encoding="UTF-8"?>
<beans xmlns="http://www.springframework.org/schema/beans"
	xmlns:xsi="http://www.w3.org/2001/XMLSchema-instance"
	xmlns:context="http://www.springframework.org/schema/context"
	xsi:schemaLocation="http://www.springframework.org/schema/beans http://www.springframework.org/schema/beans/spring-beans.xsd
		http://www.springframework.org/schema/context http://www.springframework.org/schema/context/spring-context.xsd">

<bean id="mymail" class="com.demo.spring.Mail" scope="prototype" >
<property name="fromAddress" value="Trainer" />
<property name="toAddress" value="all in the class" />
<property name="message" ref="mymessage" />
</bean>

<bean id="mymessage" class="com.demo.spring.Message" scope="prototype">
<property name="header" value="Trainer" />
<property name="body" value="all in the class" />
</bean>

</beans>
