<?xml version="1.0" encoding="UTF-8"?>
<beans xmlns="http://www.springframework.org/schema/beans"
	xmlns:xsi="http://www.w3.org/2001/XMLSchema-instance"
	xmlns:context="http://www.springframework.org/schema/context"
	xsi:schemaLocation="http://www.springframework.org/schema/beans http://www.springframework.org/schema/beans/spring-beans.xsd
		http://www.springframework.org/schema/context http://www.springframework.org/schema/context/spring-context.xsd">

<bean id="myitem" class="com.demo.spring.Item" >
<property name="taste" value="nice" />
<property name="name" value="chicken curry" />
</bean>
<bean id="myitem1" class="com.demo.spring.Item" >
<property name="taste" value="yummy" />
<property name="name" value="gulab jamun" />
</bean>
<bean id="myitem2" class="com.demo.spring.Item" >
<property name="taste" value="super" />
<property name="name" value="biryani" />
</bean>
<bean id="myitem3" class="com.demo.spring.Item" >
<property name="taste" value="tasty" />
<property name="name" value="ice cream" />
</bean>

<bean id="mylunchbox1" class="com.demo.spring.LunchBox" >
<property name="items">
<list>
<ref bean="myitem"/>
<ref bean="myitem1"/>
<ref bean="myitem2"/>
<ref bean="myitem3"/>
</list>
</property>
</bean>

<bean id="mylunchbox2" class="com.demo.spring.LunchBox" >
<property name="items">
<list>
<ref bean="myitem"/>
<ref bean="myitem1"/>
<ref bean="myitem2"/>
</list>
</property>
</bean>

<bean id="myparticipant1" class="com.demo.spring.Participant">
<property name="lunchbox" ref="mylunchbox1"></property>
</bean>
<bean id="myparticipant2" class="com.demo.spring.Participant">
<property name="lunchbox" ref="mylunchbox2"></property>
</bean>
<bean id="mytrainer" class="com.demo.spring.Trainer">
<property name="list">
<list>
<ref bean="myparticipant1"/>
<ref bean="myparticipant2"/>
</list>
</property>
</bean>
</beans>
